[
 {
  "id": 1,
  "vendor": "acme",
  "date": "03/03/2017",
  "customer": {
   "id": "8baa6dea-cc70-4748-9b27-b174e70e4b66",
   "name": "Lezlie Stuther",
   "address": "19045 Lawn Court"
  },
  "order": {
   "hat": {
    "quantity": 14,
    "price": 8
   },
   "cake": {
    "quantity": 9,
    "price": 3
   },
   "ice": {
    "quantity": 10,
    "price": 5
   },
   "candy": {
    "quantity": 6,
    "price": 8
   }
  }
 },
 {
  "id": 2,
  "vendor": "acme",
  "date": "08/23/2017",
  "customer": {
   "id": "d2584a20-7490-499a-83be-d7cea4a0e260",
   "name": "Alma Prantoni",
   "address": "9 Trailsway Road"
  },
  "order": {
   "cake": {
    "quantity": 8,
    "price": 1
   },
   "punch": {
    "quantity": 19,
    "price": 7
   },
   "bouncy house": {
    "quantity": 4,
    "price": 9
   }
  }
 },
 {
  "id": 3,
  "vendor": "fred's party supplies",
  "date": "02/04/2017",
  "customer": {
   "id": "9a1c9545-2612-43c3-a3a3-ea7cb5c5e9d1",
   "name": "Edna Owenson",
   "address": "8 Redwing Lane"
  },
  "order": {
   "clown": {
    "quantity": 17,
    "price": 9
   }
  }
 },
 {
  "id": 4,
  "vendor": "acme",
  "date": "12/11/2017",
  "customer": {
   "id": "c4d3848d-1eba-47b6-90ce-cbc1228158e5",
   "name": "Keane Shuttleworth",
   "address": "172 Lyons Street"
  },
  "order": {
   "bouncy house": {
    "quantity": 1,
    "price": 4
   }
  }
 },
 {
  "id": 5,
  "vendor": "fred's party supplies",
  "date": "03/23/2017",
  "customer": {
   "id": "e1b8f4a5-b0d1-4a27-b7b2-40c2fe9f1063",
   "name": "Burke Vassie",
   "address": "84741 Sugar Plaza"
  },
  "order": {
   "cake": {
    "quantity": 18,
    "price": 4
   },
   "candy": {
    "quantity": 5,
    "price": 5
   },
   "hat": {
    "quantity": 7,
    "price": 8
   },
   "clown": {
    "quantity": 17,
    "price": 2
   },
   "bouncy house": {
    "quantity": 14,
    "price": 8
   },
   "ice": {
    "quantity": 19,
    "price": 2
   }
  }
 },
 {
  "id": 6,
  "vendor": "acme",
  "date": "10/06/2017",
  "customer": {
   "id": "d7aa81e3-2991-474b-87b8-85ce12a7d3ea",
   "name": "Astra Draye",
   "address": "72 Charing Cross Pass"
  },
  "order": {
   "clown": {
    "quantity": 4,
    "price": 9
   },
   "candy": {
    "quantity": 13,
    "price": 5
   },
   "hat": {
    "quantity": 7,
    "price": 8
   },
   "ice": {
    "quantity": 16,
    "price": 9
   },
   "bouncy house": {
    "quantity": 6,
    "price": 7
   }
  }
 },
 {
  "id": 7,
  "vendor": "acme",
  "date": "10/26/2017",
  "customer": {
   "id": "db55fd58-8407-4cc1-acb2-e22ca955b7cc",
   "name": "Vere Dwyer",
   "address": "24665 Spenser Avenue"
  },
  "order": {
   "candy": {
    "quantity": 11,
    "price": 8
   },
   "bouncy house": {
    "quantity": 9,
    "price": 6
   },
   "hat": {
    "quantity": 12,
    "price": 1
   },
   "cake": {
    "quantity": 10,
    "price": 3
   }
  }
 },
 {
  "id": 8,
  "vendor": "acme",
  "date": "04/21/2017",
  "customer": {
   "id": "f4249d12-77bc-4534-a475-938796edf8b8",
   "name": "Armin Wringe",
   "address": "533 Briar Crest Parkway"
  },
  "order": {
   "ice": {
    "quantity": 8,
    "price": 1
   },
   "candy": {
    "quantity": 3,
    "price": 4
   },
   "cake": {
    "quantity": 3,
    "price": 6
   }
  }
 },
 {
  "id": 9,
  "vendor": "fred's party supplies",
  "date": "02/28/2017",
  "customer": {
   "id": "9c79ed1b-1a08-4582-a7a8-ca0991771229",
   "name": "Armand Blockey",
   "address": "65 Talmadge Hill"
  },
  "order": {
   "candy": {
    "quantity": 3,
    "price": 4
   }
  }
 },
 {
  "id": 10,
  "vendor": "acme",
  "date": "09/06/2017",
  "customer": {
   "id": "fad02154-7547-43ab-a1c8-5a2777be2904",
   "name": "Debra Huish",
   "address": "8 American Lane"
  },
  "order": {
   "punch": {
    "quantity": 2,
    "price": 8
   }
  }
 },
 {
  "id": 11,
  "vendor": "partyco",
  "date": "04/28/2017",
  "customer": {
   "id": "a3ce3bff-5a99-4fab-a321-f6519241daef",
   "name": "Ediva Hilling",
   "address": "02682 Ridgeview Terrace"
  },
  "order": {
   "clown": {
    "quantity": 14,
    "price": 5
   }
  }
 },
 {
  "id": 12,
  "vendor": "fred's party supplies",
  "date": "02/19/2017",
  "customer": {
   "id": "1825b50c-78cd-498f-9bb2-90ac3e3972ea",
   "name": "Aprilette Umbert",
   "address": "650 Kennedy Hill"
  },
  "order": {
   "ice": {
    "quantity": 9,
    "price": 4
   }
  }
 },
 {
  "id": 13,
  "vendor": "partyco",
  "date": "09/13/2017",
  "customer": {
   "id": "9a8c3fed-73ff-43d6-8a7a-d83c0c0fa815",
   "name": "Elnore Yurov",
   "address": "1 Brown Court"
  },
  "order": {
   "candy": {
    "quantity": 20,
    "price": 8
   },
   "hat": {
    "quantity": 10,
    "price": 5
   },
   "cake": {
    "quantity": 18,
    "price": 7
   },
   "clown": {
    "quantity": 9,
    "price": 4
   }
  }
 },
 {
  "id": 14,
  "vendor": "acme",
  "date": "12/13/2017",
  "customer": {
   "id": "46ff91d8-caf4-4f76-9f93-a639ab319179",
   "name": "Cletis Sor",
   "address": "4730 Chive Point"
  },
  "order": {
   "clown": {
    "quantity": 11,
    "price": 4
   },
   "punch": {
    "quantity": 2,
    "price": 8
   },
   "bouncy house": {
    "quantity": 10,
    "price": 7
   },
   "cake": {
    "quantity": 5,
    "price": 8
   }
  }
 },
 {
  "id": 15,
  "vendor": "partyco",
  "date": "05/26/2017",
  "customer": {
   "id": "56d560c2-4ca4-4c5e-a7f9-daeb64f40c94",
   "name": "Jonah Sictornes",
   "address": "292 Roth Avenue"
  },
  "order": {
   "cake": {
    "quantity": 3,
    "price": 2
   },
   "bouncy house": {
    "quantity": 1,
    "price": 9
   },
   "ice": {
    "quantity": 11,
    "price": 2
   },
   "candy": {
    "quantity": 20,
    "price": 6
   },
   "clown": {
    "quantity": 13,
    "price": 5
   },
   "hat": {
    "quantity": 4,
    "price": 1
   }
  }
 },
 {
  "id": 16,
  "vendor": "partyco",
  "date": "04/18/2017",
  "customer": {
   "id": "84578a38-cd02-4496-b393-03d0970fad22",
   "name": "Jerry Yeabsley",
   "address": "74 Upham Junction"
  },
  "order": {
   "ice": {
    "quantity": 15,
    "price": 5
   },
   "clown": {
    "quantity": 3,
    "price": 1
   }
  }
 },
 {
  "id": 17,
  "vendor": "acme",
  "date": "05/02/2017",
  "customer": {
   "id": "bb79894f-5b3e-4b9f-8d16-1ea4d35a11af",
   "name": "Dorine De Courtney",
   "address": "97 Bluejay Way"
  },
  "order": {
   "cake": {
    "quantity": 4,
    "price": 4
   },
   "bouncy house": {
    "quantity": 19,
    "price": 6
   }
  }
 },
 {
  "id": 18,
  "vendor": "fred's party supplies",
  "date": "11/03/2017",
  "customer": {
   "id": "9b86d2b4-cb1e-4efd-b4a9-ff2fca70b9e0",
   "name": "Rudy Odger",
   "address": "14150 Buena Vista Lane"
  },
  "order": {
   "cake": {
    "quantity": 5,
    "price": 2
   }
  }
 },
 {
  "id": 19,
  "vendor": "fred's party supplies",
  "date": "07/24/2017",
  "customer": {
   "id": "141d0110-69d0-4149-bb33-becd6824287b",
   "name": "Sheff Taylot",
   "address": "8 Bellgrove Center"
  },
  "order": {
   "bouncy house": {
    "quantity": 2,
    "price": 6
   },
   "cake": {
    "quantity": 13,
    "price": 9
   },
   "clown": {
    "quantity": 19,
    "price": 7
   }
  }
 },
 {
  "id": 20,
  "vendor": "acme",
  "date": "03/27/2017",
  "customer": {
   "id": "98fbd8de-33fa-481a-a506-3f2c8ace8c3e",
   "name": "Masha Guenther",
   "address": "13593 Knutson Way"
  },
  "order": {
   "cake": {
    "quantity": 2,
    "price": 3
   },
   "clown": {
    "quantity": 17,
    "price": 6
   },
   "ice": {
    "quantity": 6,
    "price": 3
   }
  }
 },
 {
  "id": 21,
  "vendor": "partyco",
  "date": "01/13/2017",
  "customer": {
   "id": "fef203f2-cdac-46ac-9cf5-293feadd8a95",
   "name": "Madlin Gounot",
   "address": "81056 Oriole Crossing"
  },
  "order": {
   "candy": {
    "quantity": 2,
    "price": 2
   },
   "bouncy house": {
    "quantity": 19,
    "price": 5
   },
   "hat": {
    "quantity": 5,
    "price": 4
   },
   "punch": {
    "quantity": 10,
    "price": 5
   },
   "cake": {
    "quantity": 1,
    "price": 6
   }
  }
 },
 {
  "id": 22,
  "vendor": "partyco",
  "date": "08/03/2017",
  "customer": {
   "id": "b4f0be83-e848-4729-b7dd-07de5dc59656",
   "name": "Sibyl Cree",
   "address": "65417 Magdeline Circle"
  },
  "order": {
   "clown": {
    "quantity": 20,
    "price": 4
   },
   "candy": {
    "quantity": 18,
    "price": 7
   },
   "ice": {
    "quantity": 2,
    "price": 6
   },
   "punch": {
    "quantity": 10,
    "price": 6
   }
  }
 },
 {
  "id": 23,
  "vendor": "partyco",
  "date": "12/04/2017",
  "customer": {
   "id": "4ce3068f-7e01-47f2-98cb-723c27c2710b",
   "name": "Forrest Scudamore",
   "address": "35256 Banding Parkway"
  },
  "order": {
   "bouncy house": {
    "quantity": 12,
    "price": 2
   },
   "cake": {
    "quantity": 12,
    "price": 8
   },
   "candy": {
    "quantity": 1,
    "price": 5
   }
  }
 },
 {
  "id": 24,
  "vendor": "acme",
  "date": "08/26/2017",
  "customer": {
   "id": "1404d08f-47d7-484a-8128-46e2ed41bfb2",
   "name": "Rozalin McElvogue",
   "address": "1 Talisman Alley"
  },
  "order": {
   "bouncy house": {
    "quantity": 20,
    "price": 8
   },
   "clown": {
    "quantity": 20,
    "price": 7
   },
   "candy": {
    "quantity": 1,
    "price": 9
   },
   "punch": {
    "quantity": 8,
    "price": 1
   }
  }
 },
 {
  "id": 25,
  "vendor": "partyco",
  "date": "02/11/2017",
  "customer": {
   "id": "126f12cd-f673-466a-80bf-8ef316dee6aa",
   "name": "Ailene Goodricke",
   "address": "06 Alpine Court"
  },
  "order": {
   "punch": {
    "quantity": 15,
    "price": 9
   }
  }
 },
 {
  "id": 26,
  "vendor": "acme",
  "date": "06/25/2017",
  "customer": {
   "id": "b8d10171-3bb8-44be-8671-75fba7f18cb9",
   "name": "Gasper McMennum",
   "address": "338 Sauthoff Hill"
  },
  "order": {
   "cake": {
    "quantity": 20,
    "price": 4
   },
   "candy": {
    "quantity": 8,
    "price": 2
   },
   "clown": {
    "quantity": 20,
    "price": 4
   },
   "punch": {
    "quantity": 17,
    "price": 3
   }
  }
 },
 {
  "id": 27,
  "vendor": "acme",
  "date": "02/26/2017",
  "customer": {
   "id": "e4b4cb17-f284-41f0-9828-7bac42cb152b",
   "name": "Carolynn Klimuk",
   "address": "152 Shoshone Street"
  },
  "order": {
   "ice": {
    "quantity": 10,
    "price": 5
   },
   "hat": {
    "quantity": 2,
    "price": 9
   },
   "punch": {
    "quantity": 17,
    "price": 4
   },
   "clown": {
    "quantity": 9,
    "price": 4
   }
  }
 },
 {
  "id": 28,
  "vendor": "fred's party supplies",
  "date": "09/06/2017",
  "customer": {
   "id": "657ce9f7-8e21-466d-bc2f-51a8a85c344c",
   "name": "Marietta Faldoe",
   "address": "5066 Dahle Alley"
  },
  "order": {
   "candy": {
    "quantity": 5,
    "price": 3
   },
   "cake": {
    "quantity": 7,
    "price": 2
   },
   "hat": {
    "quantity": 7,
    "price": 8
   }
  }
 },
 {
  "id": 29,
  "vendor": "partyco",
  "date": "10/01/2017",
  "customer": {
   "id": "7b4cfdd5-67e3-415f-b24e-d1fae5befd2e",
   "name": "Abigale Kuschek",
   "address": "50 Ryan Place"
  },
  "order": {
   "candy": {
    "quantity": 17,
    "price": 2
   },
   "cake": {
    "quantity": 2,
    "price": 8
   },
   "ice": {
    "quantity": 11,
    "price": 3
   }
  }
 },
 {
  "id": 30,
  "vendor": "partyco",
  "date": "05/21/2017",
  "customer": {
   "id": "50dafc81-117d-4c45-b589-3476e3bad694",
   "name": "Joseito Aimer",
   "address": "9487 Manufacturers Junction"
  },
  "order": {
   "clown": {
    "quantity": 13,
    "price": 3
   },
   "candy": {
    "quantity": 1,
    "price": 2
   },
   "cake": {
    "quantity": 10,
    "price": 7
   }
  }
 },
 {
  "id": 31,
  "vendor": "fred's party supplies",
  "date": "03/09/2017",
  "customer": {
   "id": "7f29ad94-2c4f-49d0-a0a9-a1819e36dfbf",
   "name": "Ferdy Alenichicov",
   "address": "8937 Dovetail Circle"
  },
  "order": {
   "hat": {
    "quantity": 6,
    "price": 6
   },
   "clown": {
    "quantity": 4,
    "price": 3
   },
   "punch": {
    "quantity": 7,
    "price": 5
   },
   "ice": {
    "quantity": 18,
    "price": 3
   },
   "bouncy house": {
    "quantity": 7,
    "price": 5
   }
  }
 },
 {
  "id": 32,
  "vendor": "acme",
  "date": "12/01/2017",
  "customer": {
   "id": "e8aab977-eb6f-440e-b0ff-571c7c6d2b81",
   "name": "Frazer Bachelar",
   "address": "5 Park Meadow Junction"
  },
  "order": {
   "punch": {
    "quantity": 18,
    "price": 1
   },
   "clown": {
    "quantity": 17,
    "price": 4
   },
   "ice": {
    "quantity": 7,
    "price": 8
   },
   "hat": {
    "quantity": 17,
    "price": 8
   }
  }
 },
 {
  "id": 33,
  "vendor": "partyco",
  "date": "11/25/2017",
  "customer": {
   "id": "d32189ee-0e0e-4a97-87f1-7f3eb7361aec",
   "name": "Austin Kubanek",
   "address": "98 Rieder Place"
  },
  "order": {
   "clown": {
    "quantity": 14,
    "price": 6
   },
   "ice": {
    "quantity": 18,
    "price": 4
   },
   "candy": {
    "quantity": 4,
    "price": 3
   },
   "cake": {
    "quantity": 3,
    "price": 1
   }
  }
 },
 {
  "id": 34,
  "vendor": "fred's party supplies",
  "date": "01/06/2017",
  "customer": {
   "id": "95967881-fef3-4cb1-a9c5-c8bfe9daeeba",
   "name": "Zeb Gilcrist",
   "address": "19 Randy Junction"
  },
  "order": {
   "punch": {
    "quantity": 3,
    "price": 2
   },
   "ice": {
    "quantity": 10,
    "price": 4
   },
   "cake": {
    "quantity": 16,
    "price": 7
   },
   "clown": {
    "quantity": 1,
    "price": 7
   }
  }
 },
 {
  "id": 35,
  "vendor": "fred's party supplies",
  "date": "11/03/2017",
  "customer": {
   "id": "4f1a77d5-8cd0-4f52-aee6-b7010d1527ac",
   "name": "Arri Capehorn",
   "address": "36518 Forest Dale Avenue"
  },
  "order": {
   "cake": {
    "quantity": 14,
    "price": 6
   },
   "clown": {
    "quantity": 5,
    "price": 9
   },
   "candy": {
    "quantity": 2,
    "price": 9
   },
   "punch": {
    "quantity": 15,
    "price": 4
   }
  }
 },
 {
  "id": 36,
  "vendor": "fred's party supplies",
  "date": "05/30/2017",
  "customer": {
   "id": "ca405f53-e88b-4634-98e5-6b6c9513ba84",
   "name": "Delia Dadswell",
   "address": "5 Schiller Hill"
  },
  "order": {
   "bouncy house": {
    "quantity": 2,
    "price": 9
   }
  }
 },
 {
  "id": 37,
  "vendor": "partyco",
  "date": "07/16/2017",
  "customer": {
   "id": "850b6b3c-ccb0-4214-a2ca-a2cc828c36e3",
   "name": "Winfield Garlant",
   "address": "16 Cambridge Court"
  },
  "order": {
   "candy": {
    "quantity": 17,
    "price": 5
   }
  }
 },
 {
  "id": 38,
  "vendor": "partyco",
  "date": "02/24/2017",
  "customer": {
   "id": "d2a7be89-c106-4d94-9122-53f1f1d93650",
   "name": "Carolyn Crumb",
   "address": "87492 Blackbird Crossing"
  },
  "order": {
   "ice": {
    "quantity": 13,
    "price": 4
   },
   "candy": {
    "quantity": 8,
    "price": 8
   },
   "bouncy house": {
    "quantity": 3,
    "price": 5
   }
  }
 },
 {
  "id": 39,
  "vendor": "fred's party supplies",
  "date": "08/28/2017",
  "customer": {
   "id": "9d4bc7d4-1ed3-487c-8562-9ccec08bb0d7",
   "name": "Cyril Dooley",
   "address": "1256 Saint Paul Avenue"
  },
  "order": {
   "bouncy house": {
    "quantity": 19,
    "price": 3
   },
   "ice": {
    "quantity": 3,
    "price": 5
   },
   "punch": {
    "quantity": 12,
    "price": 7
   }
  }
 },
 {
  "id": 40,
  "vendor": "partyco",
  "date": "09/23/2017",
  "customer": {
   "id": "762f32f8-c7dc-49ec-9077-05b8d2b378c5",
   "name": "Xenos Wenderoth",
   "address": "7 Loomis Center"
  },
  "order": {
   "cake": {
    "quantity": 19,
    "price": 7
   },
   "punch": {
    "quantity": 9,
    "price": 1
   }
  }
 },
 {
  "id": 41,
  "vendor": "acme",
  "date": "07/04/2017",
  "customer": {
   "id": "142860c5-5417-4810-ae57-bbd61e70d888",
   "name": "Tammie Poundesford",
   "address": "558 Tomscot Parkway"
  },
  "order": {
   "cake": {
    "quantity": 1,
    "price": 2
   },
   "candy": {
    "quantity": 10,
    "price": 4
   }
  }
 },
 {
  "id": 42,
  "vendor": "partyco",
  "date": "06/02/2017",
  "customer": {
   "id": "f6c498fc-f633-40f6-93fe-bf11814d4385",
   "name": "Raphael Copcote",
   "address": "4 Schlimgen Alley"
  },
  "order": {
   "cake": {
    "quantity": 7,
    "price": 9
   },
   "clown": {
    "quantity": 4,
    "price": 5
   },
   "ice": {
    "quantity": 20,
    "price": 9
   }
  }
 },
 {
  "id": 43,
  "vendor": "fred's party supplies",
  "date": "06/28/2017",
  "customer": {
   "id": "03c0b2b7-1266-40e2-b1c6-dad2957f4340",
   "name": "Courtnay Handscomb",
   "address": "10110 Farmco Circle"
  },
  "order": {
   "candy": {
    "quantity": 13,
    "price": 2
   },
   "bouncy house": {
    "quantity": 9,
    "price": 6
   }
  }
 },
 {
  "id": 44,
  "vendor": "fred's party supplies",
  "date": "02/23/2017",
  "customer": {
   "id": "a812e8b5-26ad-4987-8692-be26d9bd542c",
   "name": "La verne Noirel",
   "address": "1 Center Road"
  },
  "order": {
   "clown": {
    "quantity": 7,
    "price": 8
   },
   "punch": {
    "quantity": 1,
    "price": 1
   },
   "ice": {
    "quantity": 12,
    "price": 3
   },
   "candy": {
    "quantity": 19,
    "price": 7
   }
  }
 },
 {
  "id": 45,
  "vendor": "partyco",
  "date": "01/13/2017",
  "customer": {
   "id": "f502342e-5266-43cb-87d7-5312f0bdfdbc",
   "name": "Thaddeus Launchbury",
   "address": "9 Rusk Trail"
  },
  "order": {
   "candy": {
    "quantity": 10,
    "price": 1
   },
   "cake": {
    "quantity": 14,
    "price": 7
   },
   "bouncy house": {
    "quantity": 5,
    "price": 3
   }
  }
 },
 {
  "id": 46,
  "vendor": "partyco",
  "date": "07/27/2017",
  "customer": {
   "id": "0368e4db-3acf-41eb-bd0a-6c0c2c0eb89c",
   "name": "Jarrett Paff",
   "address": "05905 Bunting Avenue"
  },
  "order": {
   "ice": {
    "quantity": 10,
    "price": 1
   },
   "bouncy house": {
    "quantity": 2,
    "price": 9
   },
   "candy": {
    "quantity": 8,
    "price": 5
   }
  }
 },
 {
  "id": 47,
  "vendor": "partyco",
  "date": "11/25/2017",
  "customer": {
   "id": "19f15bca-84f2-4a8f-9f63-7c1062403351",
   "name": "Eolanda Mc Carroll",
   "address": "2876 Forster Trail"
  },
  "order": {
   "clown": {
    "quantity": 18,
    "price": 9
   },
   "bouncy house": {
    "quantity": 20,
    "price": 5
   },
   "candy": {
    "quantity": 4,
    "price": 7
   }
  }
 },
 {
  "id": 48,
  "vendor": "fred's party supplies",
  "date": "09/02/2017",
  "customer": {
   "id": "e8d73f48-8bab-44f9-bfec-8446f7ddabdd",
   "name": "Veronique Nisard",
   "address": "05573 Dennis Center"
  },
  "order": {
   "bouncy house": {
    "quantity": 2,
    "price": 5
   }
  }
 },
 {
  "id": 49,
  "vendor": "partyco",
  "date": "06/12/2017",
  "customer": {
   "id": "96c64f84-a99b-4af5-afa1-fc88342a26f6",
   "name": "Norton Gammie",
   "address": "1 Eastwood Trail"
  },
  "order": {
   "bouncy house": {
    "quantity": 4,
    "price": 2
   },
   "hat": {
    "quantity": 7,
    "price": 5
   }
  }
 },
 {
  "id": 50,
  "vendor": "fred's party supplies",
  "date": "03/03/2017",
  "customer": {
   "id": "1fdb2989-44e5-4693-af9c-6140965578eb",
   "name": "Haily Strongitharm",
   "address": "7900 Gina Alley"
  },
  "order": {
   "hat": {
    "quantity": 17,
    "price": 3
   },
   "bouncy house": {
    "quantity": 9,
    "price": 8
   },
   "clown": {
    "quantity": 5,
    "price": 8
   },
   "punch": {
    "quantity": 5,
    "price": 1
   },
   "cake": {
    "quantity": 9,
    "price": 1
   }
  }
 }
]
