{
    "customers": [
        {
            "id": "8baa6dea-cc70-4748-9b27-b174e70e4b66",
            "name": "Lezlie Stuther",
            "address": "19045 Lawn Court"
        },
        {
            "id": "d2584a20-7490-499a-83be-d7cea4a0e260",
            "name": "Alma Prantoni",
            "address": "9 Trailsway Road"
        },
        {
            "id": "9a1c9545-2612-43c3-a3a3-ea7cb5c5e9d1",
            "name": "Edna Owenson",
            "address": "8 Redwing Lane"
        },
        {
            "id": "c4d3848d-1eba-47b6-90ce-cbc1228158e5",
            "name": "Keane Shuttleworth",
            "address": "172 Lyons Street"
        },
        {
            "id": "e1b8f4a5-b0d1-4a27-b7b2-40c2fe9f1063",
            "name": "Burke Vassie",
            "address": "84741 Sugar Plaza"
        },
        {
            "id": "d7aa81e3-2991-474b-87b8-85ce12a7d3ea",
            "name": "Astra Draye",
            "address": "72 Charing Cross Pass"
        },
        {
            "id": "db55fd58-8407-4cc1-acb2-e22ca955b7cc",
            "name": "Vere Dwyer",
            "address": "24665 Spenser Avenue"
        },
        {
            "id": "f4249d12-77bc-4534-a475-938796edf8b8",
            "name": "Armin Wringe",
            "address": "533 Briar Crest Parkway"
        },
        {
            "id": "9c79ed1b-1a08-4582-a7a8-ca0991771229",
            "name": "Armand Blockey",
            "address": "65 Talmadge Hill"
        },
        {
            "id": "fad02154-7547-43ab-a1c8-5a2777be2904",
            "name": "Debra Huish",
            "address": "8 American Lane"
        },
        {
            "id": "a3ce3bff-5a99-4fab-a321-f6519241daef",
            "name": "Ediva Hilling",
            "address": "02682 Ridgeview Terrace"
        },
        {
            "id": "1825b50c-78cd-498f-9bb2-90ac3e3972ea",
            "name": "Aprilette Umbert",
            "address": "650 Kennedy Hill"
        },
        {
            "id": "9a8c3fed-73ff-43d6-8a7a-d83c0c0fa815",
            "name": "Elnore Yurov",
            "address": "1 Brown Court"
        },
        {
            "id": "46ff91d8-caf4-4f76-9f93-a639ab319179",
            "name": "Cletis Sor",
            "address": "4730 Chive Point"
        },
        {
            "id": "56d560c2-4ca4-4c5e-a7f9-daeb64f40c94",
            "name": "Jonah Sictornes",
            "address": "292 Roth Avenue"
        },
        {
            "id": "84578a38-cd02-4496-b393-03d0970fad22",
            "name": "Jerry Yeabsley",
            "address": "74 Upham Junction"
        },
        {
            "id": "bb79894f-5b3e-4b9f-8d16-1ea4d35a11af",
            "name": "Dorine De Courtney",
            "address": "97 Bluejay Way"
        },
        {
            "id": "9b86d2b4-cb1e-4efd-b4a9-ff2fca70b9e0",
            "name": "Rudy Odger",
            "address": "14150 Buena Vista Lane"
        },
        {
            "id": "141d0110-69d0-4149-bb33-becd6824287b",
            "name": "Sheff Taylot",
            "address": "8 Bellgrove Center"
        },
        {
            "id": "98fbd8de-33fa-481a-a506-3f2c8ace8c3e",
            "name": "Masha Guenther",
            "address": "13593 Knutson Way"
        },
        {
            "id": "fef203f2-cdac-46ac-9cf5-293feadd8a95",
            "name": "Madlin Gounot",
            "address": "81056 Oriole Crossing"
        },
        {
            "id": "b4f0be83-e848-4729-b7dd-07de5dc59656",
            "name": "Sibyl Cree",
            "address": "65417 Magdeline Circle"
        },
        {
            "id": "4ce3068f-7e01-47f2-98cb-723c27c2710b",
            "name": "Forrest Scudamore",
            "address": "35256 Banding Parkway"
        },
        {
            "id": "1404d08f-47d7-484a-8128-46e2ed41bfb2",
            "name": "Rozalin McElvogue",
            "address": "1 Talisman Alley"
        },
        {
            "id": "126f12cd-f673-466a-80bf-8ef316dee6aa",
            "name": "Ailene Goodricke",
            "address": "06 Alpine Court"
        },
        {
            "id": "b8d10171-3bb8-44be-8671-75fba7f18cb9",
            "name": "Gasper McMennum",
            "address": "338 Sauthoff Hill"
        },
        {
            "id": "e4b4cb17-f284-41f0-9828-7bac42cb152b",
            "name": "Carolynn Klimuk",
            "address": "152 Shoshone Street"
        },
        {
            "id": "657ce9f7-8e21-466d-bc2f-51a8a85c344c",
            "name": "Marietta Faldoe",
            "address": "5066 Dahle Alley"
        },
        {
            "id": "7b4cfdd5-67e3-415f-b24e-d1fae5befd2e",
            "name": "Abigale Kuschek",
            "address": "50 Ryan Place"
        },
        {
            "id": "50dafc81-117d-4c45-b589-3476e3bad694",
            "name": "Joseito Aimer",
            "address": "9487 Manufacturers Junction"
        },
        {
            "id": "7f29ad94-2c4f-49d0-a0a9-a1819e36dfbf",
            "name": "Ferdy Alenichicov",
            "address": "8937 Dovetail Circle"
        },
        {
            "id": "e8aab977-eb6f-440e-b0ff-571c7c6d2b81",
            "name": "Frazer Bachelar",
            "address": "5 Park Meadow Junction"
        },
        {
            "id": "d32189ee-0e0e-4a97-87f1-7f3eb7361aec",
            "name": "Austin Kubanek",
            "address": "98 Rieder Place"
        },
        {
            "id": "95967881-fef3-4cb1-a9c5-c8bfe9daeeba",
            "name": "Zeb Gilcrist",
            "address": "19 Randy Junction"
        },
        {
            "id": "4f1a77d5-8cd0-4f52-aee6-b7010d1527ac",
            "name": "Arri Capehorn",
            "address": "36518 Forest Dale Avenue"
        },
        {
            "id": "ca405f53-e88b-4634-98e5-6b6c9513ba84",
            "name": "Delia Dadswell",
            "address": "5 Schiller Hill"
        },
        {
            "id": "850b6b3c-ccb0-4214-a2ca-a2cc828c36e3",
            "name": "Winfield Garlant",
            "address": "16 Cambridge Court"
        },
        {
            "id": "d2a7be89-c106-4d94-9122-53f1f1d93650",
            "name": "Carolyn Crumb",
            "address": "87492 Blackbird Crossing"
        },
        {
            "id": "9d4bc7d4-1ed3-487c-8562-9ccec08bb0d7",
            "name": "Cyril Dooley",
            "address": "1256 Saint Paul Avenue"
        },
        {
            "id": "762f32f8-c7dc-49ec-9077-05b8d2b378c5",
            "name": "Xenos Wenderoth",
            "address": "7 Loomis Center"
        },
        {
            "id": "142860c5-5417-4810-ae57-bbd61e70d888",
            "name": "Tammie Poundesford",
            "address": "558 Tomscot Parkway"
        },
        {
            "id": "f6c498fc-f633-40f6-93fe-bf11814d4385",
            "name": "Raphael Copcote",
            "address": "4 Schlimgen Alley"
        },
        {
            "id": "03c0b2b7-1266-40e2-b1c6-dad2957f4340",
            "name": "Courtnay Handscomb",
            "address": "10110 Farmco Circle"
        },
        {
            "id": "a812e8b5-26ad-4987-8692-be26d9bd542c",
            "name": "La verne Noirel",
            "address": "1 Center Road"
        },
        {
            "id": "f502342e-5266-43cb-87d7-5312f0bdfdbc",
            "name": "Thaddeus Launchbury",
            "address": "9 Rusk Trail"
        },
        {
            "id": "0368e4db-3acf-41eb-bd0a-6c0c2c0eb89c",
            "name": "Jarrett Paff",
            "address": "05905 Bunting Avenue"
        },
        {
            "id": "19f15bca-84f2-4a8f-9f63-7c1062403351",
            "name": "Eolanda Mc Carroll",
            "address": "2876 Forster Trail"
        },
        {
            "id": "e8d73f48-8bab-44f9-bfec-8446f7ddabdd",
            "name": "Veronique Nisard",
            "address": "05573 Dennis Center"
        },
        {
            "id": "96c64f84-a99b-4af5-afa1-fc88342a26f6",
            "name": "Norton Gammie",
            "address": "1 Eastwood Trail"
        },
        {
            "id": "1fdb2989-44e5-4693-af9c-6140965578eb",
            "name": "Haily Strongitharm",
            "address": "7900 Gina Alley"
        }
    ],
    "orders": [
        {
            "id": 1,
            "customer": "8baa6dea-cc70-4748-9b27-b174e70e4b66",
            "vendor": "acme",
            "date": "03/03/2017",
            "order": [
                {
                    "item": "hat",
                    "quantity": 14,
                    "price": 8,
                    "revenue": 112
                },
                {
                    "item": "cake",
                    "quantity": 9,
                    "price": 3,
                    "revenue": 27
                },
                {
                    "item": "ice",
                    "quantity": 10,
                    "price": 5,
                    "revenue": 50
                },
                {
                    "item": "candy",
                    "quantity": 6,
                    "price": 8,
                    "revenue": 48
                }
            ]
        },
        {
            "id": 2,
            "customer": "d2584a20-7490-499a-83be-d7cea4a0e260",
            "vendor": "acme",
            "date": "08/23/2017",
            "order": [
                {
                    "item": "cake",
                    "quantity": 8,
                    "price": 1,
                    "revenue": 8
                },
                {
                    "item": "punch",
                    "quantity": 19,
                    "price": 7,
                    "revenue": 133
                },
                {
                    "item": "bouncy house",
                    "quantity": 4,
                    "price": 9,
                    "revenue": 36
                }
            ]
        },
        {
            "id": 3,
            "customer": "9a1c9545-2612-43c3-a3a3-ea7cb5c5e9d1",
            "vendor": "fred's party supplies",
            "date": "02/04/2017",
            "order": [
                {
                    "item": "clown",
                    "quantity": 17,
                    "price": 9,
                    "revenue": 153
                }
            ]
        },
        {
            "id": 4,
            "customer": "c4d3848d-1eba-47b6-90ce-cbc1228158e5",
            "vendor": "acme",
            "date": "12/11/2017",
            "order": [
                {
                    "item": "bouncy house",
                    "quantity": 1,
                    "price": 4,
                    "revenue": 4
                }
            ]
        },
        {
            "id": 5,
            "customer": "e1b8f4a5-b0d1-4a27-b7b2-40c2fe9f1063",
            "vendor": "fred's party supplies",
            "date": "03/23/2017",
            "order": [
                {
                    "item": "cake",
                    "quantity": 18,
                    "price": 4,
                    "revenue": 72
                },
                {
                    "item": "candy",
                    "quantity": 5,
                    "price": 5,
                    "revenue": 25
                },
                {
                    "item": "hat",
                    "quantity": 7,
                    "price": 8,
                    "revenue": 56
                },
                {
                    "item": "clown",
                    "quantity": 17,
                    "price": 2,
                    "revenue": 34
                },
                {
                    "item": "bouncy house",
                    "quantity": 14,
                    "price": 8,
                    "revenue": 112
                },
                {
                    "item": "ice",
                    "quantity": 19,
                    "price": 2,
                    "revenue": 38
                }
            ]
        },
        {
            "id": 6,
            "customer": "d7aa81e3-2991-474b-87b8-85ce12a7d3ea",
            "vendor": "acme",
            "date": "10/06/2017",
            "order": [
                {
                    "item": "clown",
                    "quantity": 4,
                    "price": 9,
                    "revenue": 36
                },
                {
                    "item": "candy",
                    "quantity": 13,
                    "price": 5,
                    "revenue": 65
                },
                {
                    "item": "hat",
                    "quantity": 7,
                    "price": 8,
                    "revenue": 56
                },
                {
                    "item": "ice",
                    "quantity": 16,
                    "price": 9,
                    "revenue": 144
                },
                {
                    "item": "bouncy house",
                    "quantity": 6,
                    "price": 7,
                    "revenue": 42
                }
            ]
        },
        {
            "id": 7,
            "customer": "db55fd58-8407-4cc1-acb2-e22ca955b7cc",
            "vendor": "acme",
            "date": "10/26/2017",
            "order": [
                {
                    "item": "candy",
                    "quantity": 11,
                    "price": 8,
                    "revenue": 88
                },
                {
                    "item": "bouncy house",
                    "quantity": 9,
                    "price": 6,
                    "revenue": 54
                },
                {
                    "item": "hat",
                    "quantity": 12,
                    "price": 1,
                    "revenue": 12
                },
                {
                    "item": "cake",
                    "quantity": 10,
                    "price": 3,
                    "revenue": 30
                }
            ]
        },
        {
            "id": 8,
            "customer": "f4249d12-77bc-4534-a475-938796edf8b8",
            "vendor": "acme",
            "date": "04/21/2017",
            "order": [
                {
                    "item": "ice",
                    "quantity": 8,
                    "price": 1,
                    "revenue": 8
                },
                {
                    "item": "candy",
                    "quantity": 3,
                    "price": 4,
                    "revenue": 12
                },
                {
                    "item": "cake",
                    "quantity": 3,
                    "price": 6,
                    "revenue": 18
                }
            ]
        },
        {
            "id": 9,
            "customer": "9c79ed1b-1a08-4582-a7a8-ca0991771229",
            "vendor": "fred's party supplies",
            "date": "02/28/2017",
            "order": [
                {
                    "item": "candy",
                    "quantity": 3,
                    "price": 4,
                    "revenue": 12
                }
            ]
        },
        {
            "id": 10,
            "customer": "fad02154-7547-43ab-a1c8-5a2777be2904",
            "vendor": "acme",
            "date": "09/06/2017",
            "order": [
                {
                    "item": "punch",
                    "quantity": 2,
                    "price": 8,
                    "revenue": 16
                }
            ]
        },
        {
            "id": 11,
            "customer": "a3ce3bff-5a99-4fab-a321-f6519241daef",
            "vendor": "partyco",
            "date": "04/28/2017",
            "order": [
                {
                    "item": "clown",
                    "quantity": 14,
                    "price": 5,
                    "revenue": 70
                }
            ]
        },
        {
            "id": 12,
            "customer": "1825b50c-78cd-498f-9bb2-90ac3e3972ea",
            "vendor": "fred's party supplies",
            "date": "02/19/2017",
            "order": [
                {
                    "item": "ice",
                    "quantity": 9,
                    "price": 4,
                    "revenue": 36
                }
            ]
        },
        {
            "id": 13,
            "customer": "9a8c3fed-73ff-43d6-8a7a-d83c0c0fa815",
            "vendor": "partyco",
            "date": "09/13/2017",
            "order": [
                {
                    "item": "candy",
                    "quantity": 20,
                    "price": 8,
                    "revenue": 160
                },
                {
                    "item": "hat",
                    "quantity": 10,
                    "price": 5,
                    "revenue": 50
                },
                {
                    "item": "cake",
                    "quantity": 18,
                    "price": 7,
                    "revenue": 126
                },
                {
                    "item": "clown",
                    "quantity": 9,
                    "price": 4,
                    "revenue": 36
                }
            ]
        },
        {
            "id": 14,
            "customer": "46ff91d8-caf4-4f76-9f93-a639ab319179",
            "vendor": "acme",
            "date": "12/13/2017",
            "order": [
                {
                    "item": "clown",
                    "quantity": 11,
                    "price": 4,
                    "revenue": 44
                },
                {
                    "item": "punch",
                    "quantity": 2,
                    "price": 8,
                    "revenue": 16
                },
                {
                    "item": "bouncy house",
                    "quantity": 10,
                    "price": 7,
                    "revenue": 70
                },
                {
                    "item": "cake",
                    "quantity": 5,
                    "price": 8,
                    "revenue": 40
                }
            ]
        },
        {
            "id": 15,
            "customer": "56d560c2-4ca4-4c5e-a7f9-daeb64f40c94",
            "vendor": "partyco",
            "date": "05/26/2017",
            "order": [
                {
                    "item": "cake",
                    "quantity": 3,
                    "price": 2,
                    "revenue": 6
                },
                {
                    "item": "bouncy house",
                    "quantity": 1,
                    "price": 9,
                    "revenue": 9
                },
                {
                    "item": "ice",
                    "quantity": 11,
                    "price": 2,
                    "revenue": 22
                },
                {
                    "item": "candy",
                    "quantity": 20,
                    "price": 6,
                    "revenue": 120
                },
                {
                    "item": "clown",
                    "quantity": 13,
                    "price": 5,
                    "revenue": 65
                },
                {
                    "item": "hat",
                    "quantity": 4,
                    "price": 1,
                    "revenue": 4
                }
            ]
        },
        {
            "id": 16,
            "customer": "84578a38-cd02-4496-b393-03d0970fad22",
            "vendor": "partyco",
            "date": "04/18/2017",
            "order": [
                {
                    "item": "ice",
                    "quantity": 15,
                    "price": 5,
                    "revenue": 75
                },
                {
                    "item": "clown",
                    "quantity": 3,
                    "price": 1,
                    "revenue": 3
                }
            ]
        },
        {
            "id": 17,
            "customer": "bb79894f-5b3e-4b9f-8d16-1ea4d35a11af",
            "vendor": "acme",
            "date": "05/02/2017",
            "order": [
                {
                    "item": "cake",
                    "quantity": 4,
                    "price": 4,
                    "revenue": 16
                },
                {
                    "item": "bouncy house",
                    "quantity": 19,
                    "price": 6,
                    "revenue": 114
                }
            ]
        },
        {
            "id": 18,
            "customer": "9b86d2b4-cb1e-4efd-b4a9-ff2fca70b9e0",
            "vendor": "fred's party supplies",
            "date": "11/03/2017",
            "order": [
                {
                    "item": "cake",
                    "quantity": 5,
                    "price": 2,
                    "revenue": 10
                }
            ]
        },
        {
            "id": 19,
            "customer": "141d0110-69d0-4149-bb33-becd6824287b",
            "vendor": "fred's party supplies",
            "date": "07/24/2017",
            "order": [
                {
                    "item": "bouncy house",
                    "quantity": 2,
                    "price": 6,
                    "revenue": 12
                },
                {
                    "item": "cake",
                    "quantity": 13,
                    "price": 9,
                    "revenue": 117
                },
                {
                    "item": "clown",
                    "quantity": 19,
                    "price": 7,
                    "revenue": 133
                }
            ]
        },
        {
            "id": 20,
            "customer": "98fbd8de-33fa-481a-a506-3f2c8ace8c3e",
            "vendor": "acme",
            "date": "03/27/2017",
            "order": [
                {
                    "item": "cake",
                    "quantity": 2,
                    "price": 3,
                    "revenue": 6
                },
                {
                    "item": "clown",
                    "quantity": 17,
                    "price": 6,
                    "revenue": 102
                },
                {
                    "item": "ice",
                    "quantity": 6,
                    "price": 3,
                    "revenue": 18
                }
            ]
        },
        {
            "id": 21,
            "customer": "fef203f2-cdac-46ac-9cf5-293feadd8a95",
            "vendor": "partyco",
            "date": "01/13/2017",
            "order": [
                {
                    "item": "candy",
                    "quantity": 2,
                    "price": 2,
                    "revenue": 4
                },
                {
                    "item": "bouncy house",
                    "quantity": 19,
                    "price": 5,
                    "revenue": 95
                },
                {
                    "item": "hat",
                    "quantity": 5,
                    "price": 4,
                    "revenue": 20
                },
                {
                    "item": "punch",
                    "quantity": 10,
                    "price": 5,
                    "revenue": 50
                },
                {
                    "item": "cake",
                    "quantity": 1,
                    "price": 6,
                    "revenue": 6
                }
            ]
        },
        {
            "id": 22,
            "customer": "b4f0be83-e848-4729-b7dd-07de5dc59656",
            "vendor": "partyco",
            "date": "08/03/2017",
            "order": [
                {
                    "item": "clown",
                    "quantity": 20,
                    "price": 4,
                    "revenue": 80
                },
                {
                    "item": "candy",
                    "quantity": 18,
                    "price": 7,
                    "revenue": 126
                },
                {
                    "item": "ice",
                    "quantity": 2,
                    "price": 6,
                    "revenue": 12
                },
                {
                    "item": "punch",
                    "quantity": 10,
                    "price": 6,
                    "revenue": 60
                }
            ]
        },
        {
            "id": 23,
            "customer": "4ce3068f-7e01-47f2-98cb-723c27c2710b",
            "vendor": "partyco",
            "date": "12/04/2017",
            "order": [
                {
                    "item": "bouncy house",
                    "quantity": 12,
                    "price": 2,
                    "revenue": 24
                },
                {
                    "item": "cake",
                    "quantity": 12,
                    "price": 8,
                    "revenue": 96
                },
                {
                    "item": "candy",
                    "quantity": 1,
                    "price": 5,
                    "revenue": 5
                }
            ]
        },
        {
            "id": 24,
            "customer": "1404d08f-47d7-484a-8128-46e2ed41bfb2",
            "vendor": "acme",
            "date": "08/26/2017",
            "order": [
                {
                    "item": "bouncy house",
                    "quantity": 20,
                    "price": 8,
                    "revenue": 160
                },
                {
                    "item": "clown",
                    "quantity": 20,
                    "price": 7,
                    "revenue": 140
                },
                {
                    "item": "candy",
                    "quantity": 1,
                    "price": 9,
                    "revenue": 9
                },
                {
                    "item": "punch",
                    "quantity": 8,
                    "price": 1,
                    "revenue": 8
                }
            ]
        },
        {
            "id": 25,
            "customer": "126f12cd-f673-466a-80bf-8ef316dee6aa",
            "vendor": "partyco",
            "date": "02/11/2017",
            "order": [
                {
                    "item": "punch",
                    "quantity": 15,
                    "price": 9,
                    "revenue": 135
                }
            ]
        },
        {
            "id": 26,
            "customer": "b8d10171-3bb8-44be-8671-75fba7f18cb9",
            "vendor": "acme",
            "date": "06/25/2017",
            "order": [
                {
                    "item": "cake",
                    "quantity": 20,
                    "price": 4,
                    "revenue": 80
                },
                {
                    "item": "candy",
                    "quantity": 8,
                    "price": 2,
                    "revenue": 16
                },
                {
                    "item": "clown",
                    "quantity": 20,
                    "price": 4,
                    "revenue": 80
                },
                {
                    "item": "punch",
                    "quantity": 17,
                    "price": 3,
                    "revenue": 51
                }
            ]
        },
        {
            "id": 27,
            "customer": "e4b4cb17-f284-41f0-9828-7bac42cb152b",
            "vendor": "acme",
            "date": "02/26/2017",
            "order": [
                {
                    "item": "ice",
                    "quantity": 10,
                    "price": 5,
                    "revenue": 50
                },
                {
                    "item": "hat",
                    "quantity": 2,
                    "price": 9,
                    "revenue": 18
                },
                {
                    "item": "punch",
                    "quantity": 17,
                    "price": 4,
                    "revenue": 68
                },
                {
                    "item": "clown",
                    "quantity": 9,
                    "price": 4,
                    "revenue": 36
                }
            ]
        },
        {
            "id": 28,
            "customer": "657ce9f7-8e21-466d-bc2f-51a8a85c344c",
            "vendor": "fred's party supplies",
            "date": "09/06/2017",
            "order": [
                {
                    "item": "candy",
                    "quantity": 5,
                    "price": 3,
                    "revenue": 15
                },
                {
                    "item": "cake",
                    "quantity": 7,
                    "price": 2,
                    "revenue": 14
                },
                {
                    "item": "hat",
                    "quantity": 7,
                    "price": 8,
                    "revenue": 56
                }
            ]
        },
        {
            "id": 29,
            "customer": "7b4cfdd5-67e3-415f-b24e-d1fae5befd2e",
            "vendor": "partyco",
            "date": "10/01/2017",
            "order": [
                {
                    "item": "candy",
                    "quantity": 17,
                    "price": 2,
                    "revenue": 34
                },
                {
                    "item": "cake",
                    "quantity": 2,
                    "price": 8,
                    "revenue": 16
                },
                {
                    "item": "ice",
                    "quantity": 11,
                    "price": 3,
                    "revenue": 33
                }
            ]
        },
        {
            "id": 30,
            "customer": "50dafc81-117d-4c45-b589-3476e3bad694",
            "vendor": "partyco",
            "date": "05/21/2017",
            "order": [
                {
                    "item": "clown",
                    "quantity": 13,
                    "price": 3,
                    "revenue": 39
                },
                {
                    "item": "candy",
                    "quantity": 1,
                    "price": 2,
                    "revenue": 2
                },
                {
                    "item": "cake",
                    "quantity": 10,
                    "price": 7,
                    "revenue": 70
                }
            ]
        },
        {
            "id": 31,
            "customer": "7f29ad94-2c4f-49d0-a0a9-a1819e36dfbf",
            "vendor": "fred's party supplies",
            "date": "03/09/2017",
            "order": [
                {
                    "item": "hat",
                    "quantity": 6,
                    "price": 6,
                    "revenue": 36
                },
                {
                    "item": "clown",
                    "quantity": 4,
                    "price": 3,
                    "revenue": 12
                },
                {
                    "item": "punch",
                    "quantity": 7,
                    "price": 5,
                    "revenue": 35
                },
                {
                    "item": "ice",
                    "quantity": 18,
                    "price": 3,
                    "revenue": 54
                },
                {
                    "item": "bouncy house",
                    "quantity": 7,
                    "price": 5,
                    "revenue": 35
                }
            ]
        },
        {
            "id": 32,
            "customer": "e8aab977-eb6f-440e-b0ff-571c7c6d2b81",
            "vendor": "acme",
            "date": "12/01/2017",
            "order": [
                {
                    "item": "punch",
                    "quantity": 18,
                    "price": 1,
                    "revenue": 18
                },
                {
                    "item": "clown",
                    "quantity": 17,
                    "price": 4,
                    "revenue": 68
                },
                {
                    "item": "ice",
                    "quantity": 7,
                    "price": 8,
                    "revenue": 56
                },
                {
                    "item": "hat",
                    "quantity": 17,
                    "price": 8,
                    "revenue": 136
                }
            ]
        },
        {
            "id": 33,
            "customer": "d32189ee-0e0e-4a97-87f1-7f3eb7361aec",
            "vendor": "partyco",
            "date": "11/25/2017",
            "order": [
                {
                    "item": "clown",
                    "quantity": 14,
                    "price": 6,
                    "revenue": 84
                },
                {
                    "item": "ice",
                    "quantity": 18,
                    "price": 4,
                    "revenue": 72
                },
                {
                    "item": "candy",
                    "quantity": 4,
                    "price": 3,
                    "revenue": 12
                },
                {
                    "item": "cake",
                    "quantity": 3,
                    "price": 1,
                    "revenue": 3
                }
            ]
        },
        {
            "id": 34,
            "customer": "95967881-fef3-4cb1-a9c5-c8bfe9daeeba",
            "vendor": "fred's party supplies",
            "date": "01/06/2017",
            "order": [
                {
                    "item": "punch",
                    "quantity": 3,
                    "price": 2,
                    "revenue": 6
                },
                {
                    "item": "ice",
                    "quantity": 10,
                    "price": 4,
                    "revenue": 40
                },
                {
                    "item": "cake",
                    "quantity": 16,
                    "price": 7,
                    "revenue": 112
                },
                {
                    "item": "clown",
                    "quantity": 1,
                    "price": 7,
                    "revenue": 7
                }
            ]
        },
        {
            "id": 35,
            "customer": "4f1a77d5-8cd0-4f52-aee6-b7010d1527ac",
            "vendor": "fred's party supplies",
            "date": "11/03/2017",
            "order": [
                {
                    "item": "cake",
                    "quantity": 14,
                    "price": 6,
                    "revenue": 84
                },
                {
                    "item": "clown",
                    "quantity": 5,
                    "price": 9,
                    "revenue": 45
                },
                {
                    "item": "candy",
                    "quantity": 2,
                    "price": 9,
                    "revenue": 18
                },
                {
                    "item": "punch",
                    "quantity": 15,
                    "price": 4,
                    "revenue": 60
                }
            ]
        },
        {
            "id": 36,
            "customer": "ca405f53-e88b-4634-98e5-6b6c9513ba84",
            "vendor": "fred's party supplies",
            "date": "05/30/2017",
            "order": [
                {
                    "item": "bouncy house",
                    "quantity": 2,
                    "price": 9,
                    "revenue": 18
                }
            ]
        },
        {
            "id": 37,
            "customer": "850b6b3c-ccb0-4214-a2ca-a2cc828c36e3",
            "vendor": "partyco",
            "date": "07/16/2017",
            "order": [
                {
                    "item": "candy",
                    "quantity": 17,
                    "price": 5,
                    "revenue": 85
                }
            ]
        },
        {
            "id": 38,
            "customer": "d2a7be89-c106-4d94-9122-53f1f1d93650",
            "vendor": "partyco",
            "date": "02/24/2017",
            "order": [
                {
                    "item": "ice",
                    "quantity": 13,
                    "price": 4,
                    "revenue": 52
                },
                {
                    "item": "candy",
                    "quantity": 8,
                    "price": 8,
                    "revenue": 64
                },
                {
                    "item": "bouncy house",
                    "quantity": 3,
                    "price": 5,
                    "revenue": 15
                }
            ]
        },
        {
            "id": 39,
            "customer": "9d4bc7d4-1ed3-487c-8562-9ccec08bb0d7",
            "vendor": "fred's party supplies",
            "date": "08/28/2017",
            "order": [
                {
                    "item": "bouncy house",
                    "quantity": 19,
                    "price": 3,
                    "revenue": 57
                },
                {
                    "item": "ice",
                    "quantity": 3,
                    "price": 5,
                    "revenue": 15
                },
                {
                    "item": "punch",
                    "quantity": 12,
                    "price": 7,
                    "revenue": 84
                }
            ]
        },
        {
            "id": 40,
            "customer": "762f32f8-c7dc-49ec-9077-05b8d2b378c5",
            "vendor": "partyco",
            "date": "09/23/2017",
            "order": [
                {
                    "item": "cake",
                    "quantity": 19,
                    "price": 7,
                    "revenue": 133
                },
                {
                    "item": "punch",
                    "quantity": 9,
                    "price": 1,
                    "revenue": 9
                }
            ]
        },
        {
            "id": 41,
            "customer": "142860c5-5417-4810-ae57-bbd61e70d888",
            "vendor": "acme",
            "date": "07/04/2017",
            "order": [
                {
                    "item": "cake",
                    "quantity": 1,
                    "price": 2,
                    "revenue": 2
                },
                {
                    "item": "candy",
                    "quantity": 10,
                    "price": 4,
                    "revenue": 40
                }
            ]
        },
        {
            "id": 42,
            "customer": "f6c498fc-f633-40f6-93fe-bf11814d4385",
            "vendor": "partyco",
            "date": "06/02/2017",
            "order": [
                {
                    "item": "cake",
                    "quantity": 7,
                    "price": 9,
                    "revenue": 63
                },
                {
                    "item": "clown",
                    "quantity": 4,
                    "price": 5,
                    "revenue": 20
                },
                {
                    "item": "ice",
                    "quantity": 20,
                    "price": 9,
                    "revenue": 180
                }
            ]
        },
        {
            "id": 43,
            "customer": "03c0b2b7-1266-40e2-b1c6-dad2957f4340",
            "vendor": "fred's party supplies",
            "date": "06/28/2017",
            "order": [
                {
                    "item": "candy",
                    "quantity": 13,
                    "price": 2,
                    "revenue": 26
                },
                {
                    "item": "bouncy house",
                    "quantity": 9,
                    "price": 6,
                    "revenue": 54
                }
            ]
        },
        {
            "id": 44,
            "customer": "a812e8b5-26ad-4987-8692-be26d9bd542c",
            "vendor": "fred's party supplies",
            "date": "02/23/2017",
            "order": [
                {
                    "item": "clown",
                    "quantity": 7,
                    "price": 8,
                    "revenue": 56
                },
                {
                    "item": "punch",
                    "quantity": 1,
                    "price": 1,
                    "revenue": 1
                },
                {
                    "item": "ice",
                    "quantity": 12,
                    "price": 3,
                    "revenue": 36
                },
                {
                    "item": "candy",
                    "quantity": 19,
                    "price": 7,
                    "revenue": 133
                }
            ]
        },
        {
            "id": 45,
            "customer": "f502342e-5266-43cb-87d7-5312f0bdfdbc",
            "vendor": "partyco",
            "date": "01/13/2017",
            "order": [
                {
                    "item": "candy",
                    "quantity": 10,
                    "price": 1,
                    "revenue": 10
                },
                {
                    "item": "cake",
                    "quantity": 14,
                    "price": 7,
                    "revenue": 98
                },
                {
                    "item": "bouncy house",
                    "quantity": 5,
                    "price": 3,
                    "revenue": 15
                }
            ]
        },
        {
            "id": 46,
            "customer": "0368e4db-3acf-41eb-bd0a-6c0c2c0eb89c",
            "vendor": "partyco",
            "date": "07/27/2017",
            "order": [
                {
                    "item": "ice",
                    "quantity": 10,
                    "price": 1,
                    "revenue": 10
                },
                {
                    "item": "bouncy house",
                    "quantity": 2,
                    "price": 9,
                    "revenue": 18
                },
                {
                    "item": "candy",
                    "quantity": 8,
                    "price": 5,
                    "revenue": 40
                }
            ]
        },
        {
            "id": 47,
            "customer": "19f15bca-84f2-4a8f-9f63-7c1062403351",
            "vendor": "partyco",
            "date": "11/25/2017",
            "order": [
                {
                    "item": "clown",
                    "quantity": 18,
                    "price": 9,
                    "revenue": 162
                },
                {
                    "item": "bouncy house",
                    "quantity": 20,
                    "price": 5,
                    "revenue": 100
                },
                {
                    "item": "candy",
                    "quantity": 4,
                    "price": 7,
                    "revenue": 28
                }
            ]
        },
        {
            "id": 48,
            "customer": "e8d73f48-8bab-44f9-bfec-8446f7ddabdd",
            "vendor": "fred's party supplies",
            "date": "09/02/2017",
            "order": [
                {
                    "item": "bouncy house",
                    "quantity": 2,
                    "price": 5,
                    "revenue": 10
                }
            ]
        },
        {
            "id": 49,
            "customer": "96c64f84-a99b-4af5-afa1-fc88342a26f6",
            "vendor": "partyco",
            "date": "06/12/2017",
            "order": [
                {
                    "item": "bouncy house",
                    "quantity": 4,
                    "price": 2,
                    "revenue": 8
                },
                {
                    "item": "hat",
                    "quantity": 7,
                    "price": 5,
                    "revenue": 35
                }
            ]
        },
        {
            "id": 50,
            "customer": "1fdb2989-44e5-4693-af9c-6140965578eb",
            "vendor": "fred's party supplies",
            "date": "03/03/2017",
            "order": [
                {
                    "item": "hat",
                    "quantity": 17,
                    "price": 3,
                    "revenue": 51
                },
                {
                    "item": "bouncy house",
                    "quantity": 9,
                    "price": 8,
                    "revenue": 72
                },
                {
                    "item": "clown",
                    "quantity": 5,
                    "price": 8,
                    "revenue": 40
                },
                {
                    "item": "punch",
                    "quantity": 5,
                    "price": 1,
                    "revenue": 5
                },
                {
                    "item": "cake",
                    "quantity": 9,
                    "price": 1,
                    "revenue": 9
                }
            ]
        }
    ]
}